Date,Type,Route Name,Distance (km),Duration,Average Pace,Average Speed (km/h),Calories Burned,Climb (m),Average Heart Rate (bpm),Notes,GPX File
2018-04-07 09:21:31,Running,,3.65,18:14,5:00,12.00,315.0,2,,,2018-04-07-0921.gpx
2018-04-06 07:30:17,Running,,2.66,13:57,5:15,11.43,229.0,2,,,2018-04-06-0730.gpx
2018-04-05 18:12:03,Running,,5.68,30:00,5:17,11.35,491.0,5,,,2018-04-05-1812.gpx
2018-04-04 07:53:16,Running,,5.37,27:36,5:09,11.66,464.0,4,,,2018-04-04-0753.gpx
2018-04-03 09:02:23,Running,,5.61,28:27,5:04,11.83,483.0,1,,,2018-04-03-0902.gpx
2018-04-02 07:31:05,Running,,4.16,22:50,5:29,10.93,357.0,0,,,2018-04-02-0731.gpx
2018-04-01 19:24:55,Running,,2.85,18:09,6:23,9.41,244.0,2,,,2018-04-01-1924.gpx
2018-03-31 18:12:44,Running,,2.37,13:49,5:50,10.27,199.0,0,,,2018-03-31-1812.gpx
2018-03-30 13:14:22,Running,,2.72,15:08,5:34,10.78,233.0,0,,,2018-03-30-1314.gpx
2018-03-30 12:10:49,Running,,3.08,16:01,5:12,11.53,265.0,2,,,2018-03-30-1210.gpx
2018-03-29 11:06:53,Running,,7.00,36:25,5:12,11.54,604.0,5,,"",2018-03-29-1106.gpx
2018-03-28 17:04:03,Running,,5.53,28:22,5:08,11.70,482.0,26,,,2018-03-28-1704.gpx
2018-03-27 18:20:04,Running,,2.80,15:54,5:40,10.58,240.0,1,,,2018-03-27-1820.gpx
2018-03-26 17:50:54,Running,,3.65,48:28,13:17,4.52,316.0,0,,,2018-03-26-1750.gpx
2018-03-25 10:46:22,Running,,2.41,13:48,5:43,10.49,199.0,0,,,2018-03-25-1046.gpx
2018-03-25 09:24:05,Running,,3.07,16:52,5:30,10.92,264.0,2,,,2018-03-25-0924.gpx
2018-03-24 09:57:54,Running,,3.01,16:12,5:23,11.14,259.0,2,,,2018-03-24-0957.gpx
2018-03-23 11:44:02,Running,,3.07,16:41,5:26,11.03,263.0,0,,,2018-03-23-1144.gpx
2018-03-23 10:39:20,Running,,3.05,16:48,5:30,10.91,264.0,2,,,2018-03-23-1039.gpx
2018-03-22 18:47:26,Running,,2.25,18:37,8:16,7.25,193.0,0,,,2018-03-22-1847.gpx
2018-03-21 08:10:50,Running,,4.74,25:36,5:24,11.11,408.0,3,,,2018-03-21-0810.gpx
2018-03-20 08:37:00,Running,,6.20,32:13,5:12,11.55,538.0,2,,"",2018-03-20-0837.gpx
2018-03-19 06:48:29,Running,,2.62,14:08,5:24,11.12,226.0,1,,,2018-03-19-0648.gpx
2018-03-18 18:09:08,Running,,5.01,23:01,4:36,13.05,432.0,0,,,2018-03-18-1809.gpx
2018-03-17 21:33:39,Running,,2.24,12:09,5:26,11.05,193.0,1,,,2018-03-17-2133.gpx
2018-03-16 18:23:53,Running,,5.22,27:17,5:14,11.48,450.0,1,,,2018-03-16-1823.gpx
2018-03-15 07:43:12,Running,,3.69,19:36,5:19,11.29,314.0,0,,,2018-03-15-0743.gpx
2018-03-14 08:02:05,Running,,2.11,11:01,5:14,11.46,182.0,0,,,2018-03-14-0802.gpx
2018-03-13 19:12:23,Running,,5.04,25:11,5:00,12.02,433.0,0,,,2018-03-13-1912.gpx
2018-03-12 18:18:24,Running,,3.83,18:48,4:55,12.22,327.0,0,,,2018-03-12-1818.gpx
2018-03-11 13:28:39,Running,,7.01,43:57,6:16,9.57,608.0,2,,,2018-03-11-1328.gpx
2018-03-10 14:46:39,Running,,6.97,32:45,4:42,12.77,600.0,0,,,2018-03-10-1446.gpx
2018-03-09 07:19:23,Running,,3.21,17:26,5:26,11.05,275.0,0,,,2018-03-09-0719.gpx
2018-03-08 08:22:19,Running,,3.17,16:34,5:14,11.47,273.0,0,,,2018-03-08-0822.gpx
2018-03-07 08:16:18,Running,,3.03,16:40,5:30,10.90,260.0,0,,,2018-03-07-0816.gpx
2018-03-07 07:02:32,Running,,3.20,16:46,5:14,11.45,276.0,2,,,2018-03-07-0702.gpx
2018-03-06 09:13:09,Running,,3.02,16:32,5:28,10.96,259.0,0,,,2018-03-06-0913.gpx
2018-03-06 08:17:29,Running,,2.91,15:11,5:14,11.48,251.0,2,,,2018-03-06-0817.gpx
2018-03-05 07:27:54,Running,,5.26,28:39,5:27,11.02,450.0,5,,,2018-03-05-0727.gpx
2018-03-04 08:45:08,Running,,3.24,16:31,5:06,11.77,278.0,1,,,2018-03-04-0845.gpx
2018-03-03 10:15:02,Running,,2.86,15:33,5:27,11.02,246.0,0,,,2018-03-03-1015.gpx
2018-03-02 09:36:52,Running,,3.00,16:29,5:29,10.93,258.0,0,,,2018-03-02-0936.gpx
2018-03-02 07:48:42,Running,,3.07,18:28,6:01,9.98,265.0,2,,,2018-03-02-0748.gpx
2018-03-01 17:45:52,Running,,2.67,11:51,4:26,13.53,228.0,0,,,2018-03-01-1745.gpx
2018-02-28 17:29:24,Running,,3.22,16:47,5:13,11.52,278.0,1,,,2018-02-28-1729.gpx
2018-02-27 17:08:13,Running,,5.84,35:38,6:06,9.84,496.0,4,,,2018-02-27-1708.gpx
2018-02-26 07:52:58,Running,,2.28,12:32,5:30,10.91,196.0,0,,,2018-02-26-0752.gpx
2018-02-25 16:37:12,Running,,5.75,28:19,4:55,12.19,495.0,2,,,2018-02-25-1637.gpx
2018-02-24 13:04:15,Running,,9.01,46:13,5:08,11.70,772.0,3,,,2018-02-24-1304.gpx
2018-02-23 17:15:00,Running,,4.67,25:00,5:21,11.22,64.0,4,,,2018-02-23-1715.gpx
2018-02-22 05:23:24,Running,,2.45,13:17,5:26,11.05,211.0,0,,,2018-02-22-0523.gpx
2018-02-21 08:45:37,Running,,3.15,18:33,5:54,10.17,266.0,0,,,2018-02-21-0845.gpx
2018-02-21 07:40:54,Running,,3.06,16:27,5:23,11.14,264.0,2,,,2018-02-21-0740.gpx
2018-02-20 17:27:53,Running,,3.09,15:32,5:02,11.94,265.0,0,,,2018-02-20-1727.gpx
2018-02-19 16:07:38,Running,,3.11,16:40,5:21,11.21,267.0,0,,,2018-02-19-1607.gpx
2018-02-19 14:06:43,Running,,3.11,16:31,5:19,11.29,268.0,2,,,2018-02-19-1406.gpx
2018-02-18 10:05:10,Running,,4.01,20:57,5:14,11.47,344.0,2,,,2018-02-18-1005.gpx
2018-02-17 17:47:39,Running,,2.46,12:33,5:06,11.75,212.0,1,,,2018-02-17-1747.gpx
2018-02-16 17:34:19,Running,,3.08,17:38,5:44,10.47,266.0,1,,,2018-02-16-1734.gpx
2018-02-15 14:18:12,Running,,5.82,30:27,5:14,11.46,499.0,5,,,2018-02-15-1418.gpx
2018-02-14 08:45:33,Running,,3.08,17:17,5:36,10.71,263.0,0,,,2018-02-14-0845.gpx
2018-02-14 07:18:38,Running,,3.15,16:36,5:16,11.39,270.0,2,,,2018-02-14-0718.gpx
2018-02-13 07:45:22,Running,,3.13,17:07,5:29,10.96,272.0,3,,,2018-02-13-0745.gpx
2018-02-12 18:46:09,Running,,4.39,20:32,4:41,12.82,377.0,2,,,2018-02-12-1846.gpx
2018-02-11 15:55:49,Running,,5.35,27:57,5:14,11.48,457.0,1,,,2018-02-11-1555.gpx
2018-02-10 09:27:24,Running,,4.01,20:56,5:13,11.48,345.0,0,,,2018-02-10-0927.gpx
2018-02-09 07:26:37,Running,,2.01,9:33,4:45,12.64,173.0,0,,"",2018-02-09-0726.gpx
2018-02-08 14:32:00,Running,,7.13,35:07,4:56,12.17,613.0,16,,"",2018-02-08-1432.gpx
2018-02-07 06:01:52,Running,,2.56,14:15,5:34,10.78,220.0,0,,,2018-02-07-0601.gpx
2018-02-07 05:01:18,Running,,3.09,15:22,4:58,12.08,268.0,2,,,2018-02-07-0501.gpx
2018-02-06 06:48:40,Running,,4.45,22:56,5:10,11.63,386.0,4,,,2018-02-06-0648.gpx
2018-02-05 17:39:07,Running,,7.72,37:08,4:49,12.47,666.0,3,,,2018-02-05-1739.gpx
2018-02-04 12:52:35,Running,,3.70,21:30,5:48,10.34,319.0,2,,,2018-02-04-1252.gpx
2018-02-03 09:45:05,Running,,2.84,14:53,5:14,11.45,244.0,0,,,2018-02-03-0945.gpx
2018-02-03 08:43:18,Running,,3.05,15:38,5:07,11.72,262.0,2,,,2018-02-03-0843.gpx
2018-02-02 06:52:52,Running,,3.20,17:16,5:24,11.11,277.0,3,,,2018-02-02-0652.gpx
2018-02-01 07:24:03,Running,,5.43,28:46,5:18,11.32,466.0,1,,,2018-02-01-0724.gpx
2018-01-31 06:01:51,Running,,3.14,16:25,5:14,11.47,255.0,0,,"",2018-01-31-0601.gpx
2018-01-31 05:00:56,Running,,0.28,12:41,44:53,1.34,28.0,0,,,2018-01-31-0500.gpx
2018-01-30 07:37:37,Running,,3.89,19:52,5:07,11.74,334.0,1,,,2018-01-30-0737.gpx
2018-01-29 07:15:03,Running,,4.12,22:17,5:25,11.08,356.0,3,,,2018-01-29-0715.gpx
2018-01-28 08:17:52,Running,,7.59,40:49,5:23,11.16,654.0,4,,,2018-01-28-0817.gpx
2018-01-27 08:01:54,Running,,14.19,1:14:19,5:14,11.45,1232.0,25,,"",2018-01-27-0801.gpx
2018-01-26 07:33:42,Running,,3.03,16:52,5:34,10.77,259.0,0,,,2018-01-26-0733.gpx
2018-01-26 06:29:03,Running,,3.15,16:41,5:18,11.32,267.0,2,,,2018-01-26-0629.gpx
2018-01-25 05:36:16,Running,,2.64,14:32,5:30,10.91,229.0,2,,,2018-01-25-0536.gpx
2018-01-24 06:03:50,Running,,2.96,16:21,5:31,10.87,252.0,0,,,2018-01-24-0603.gpx
2018-01-24 05:03:42,Running,,3.10,15:40,5:04,11.86,269.0,2,,,2018-01-24-0503.gpx
2018-01-23 08:09:58,Running,,5.79,28:58,5:00,12.00,498.0,1,,,2018-01-23-0809.gpx
2018-01-22 07:01:56,Running,,3.30,17:37,5:20,11.24,284.0,0,,,2018-01-22-0701.gpx
2018-01-22 05:37:23,Running,,3.21,17:18,5:24,11.12,276.0,2,,,2018-01-22-0537.gpx
2018-01-21 11:43:00,Running,,3.17,15:50,4:59,12.02,275.0,3,,,2018-01-21-1143.gpx
2018-01-20 16:06:39,Running,,4.19,21:29,5:08,11.69,359.0,1,,,2018-01-20-1606.gpx
2018-01-19 08:23:34,Running,,3.12,18:06,5:48,10.36,266.0,0,,,2018-01-19-0823.gpx
2018-01-19 07:32:55,Running,,3.18,17:56,5:38,10.65,273.0,2,,,2018-01-19-0732.gpx
2018-01-18 08:23:41,Running,,3.40,18:54,5:34,10.79,292.0,0,,,2018-01-18-0823.gpx
2018-01-17 06:25:28,Running,,3.13,19:57,6:23,9.40,267.0,0,,,2018-01-17-0625.gpx
2018-01-17 05:12:40,Running,,3.17,18:33,5:51,10.25,273.0,2,,"",2018-01-17-0512.gpx
2018-01-16 09:30:43,Running,,2.02,11:02,5:27,11.00,174.0,0,,,2018-01-16-0930.gpx
2018-01-15 11:12:56,Running,,4.23,22:09,5:14,11.45,365.0,3,,,2018-01-15-1112.gpx
2018-01-14 14:25:37,Running,,6.58,33:16,5:03,11.86,568.0,2,,,2018-01-14-1425.gpx
2018-01-13 18:42:35,Running,,2.25,12:25,5:31,10.86,194.0,1,,,2018-01-13-1842.gpx
2018-01-12 08:24:40,Running,,3.40,18:56,5:34,10.77,291.0,0,,,2018-01-12-0824.gpx
2018-01-11 09:11:39,Running,,8.87,49:26,5:35,10.76,756.0,10,,,2018-01-11-0911.gpx
2018-01-10 11:30:10,Running,,2.77,14:58,5:25,11.08,238.0,1,,"",2018-01-10-1130.gpx
2018-01-09 17:30:18,Running,,2.10,11:59,5:42,10.51,180.0,0,,,2018-01-09-1730.gpx
2018-01-08 08:58:56,Running,,2.11,11:21,5:23,11.16,181.0,0,,,2018-01-08-0858.gpx
2018-01-07 11:24:54,Running,,2.55,12:53,5:03,11.87,219.0,1,,,2018-01-07-1124.gpx
2018-01-06 10:01:28,Running,,12.74,1:07:12,5:17,11.37,1106.0,22,,,2018-01-06-1001.gpx
2018-01-05 06:38:48,Running,,2.20,11:55,5:26,11.06,190.0,1,,,2018-01-05-0638.gpx
2018-01-04 08:54:03,Running,,5.01,26:35,5:19,11.30,432.0,0,,,2018-01-04-0854.gpx
2018-01-03 09:32:14,Running,,5.36,26:38,4:58,12.07,462.0,0,,,2018-01-03-0932.gpx
2018-01-02 07:40:14,Running,,6.37,33:43,5:17,11.34,550.0,2,,,2018-01-02-0740.gpx
2018-01-01 09:48:28,Running,,3.06,16:15,5:18,11.32,264.0,1,,,2018-01-01-0948.gpx
2017-12-31 07:26:30,Running,,4.35,24:26,5:37,10.69,378.0,9,,,2017-12-31-0726.gpx
2017-12-30 07:29:29,Running,,5.78,32:44,5:40,10.59,520.0,72,,,2017-12-30-0729.gpx
2017-12-29 08:48:08,Running,,3.31,16:18,4:56,12.18,289.0,6,,,2017-12-29-0848.gpx
2017-12-28 06:41:18,Running,,2.17,11:27,5:16,11.39,187.0,1,,,2017-12-28-0641.gpx
2017-12-27 08:37:29,Running,,4.63,23:44,5:08,11.70,402.0,10,,,2017-12-27-0837.gpx
2017-12-26 07:36:10,Running,,9.29,1:11:29,7:42,7.80,869.0,284,,,2017-12-26-0736.gpx
2017-12-25 08:17:14,Running,,8.00,43:38,5:27,11.00,699.0,34,,,2017-12-25-0817.gpx
2017-12-24 08:02:11,Running,,11.26,1:15:05,6:40,9.00,1086.0,383,,,2017-12-24-0802.gpx
2017-12-23 07:08:37,Running,,5.76,30:16,5:15,11.42,495.0,2,,,2017-12-23-0708.gpx
2017-12-22 10:58:29,Running,,3.03,17:12,5:40,10.57,260.0,0,,,2017-12-22-1058.gpx
2017-12-22 09:25:12,Running,,9.47,50:44,5:21,11.20,823.0,20,,,2017-12-22-0925.gpx
2017-12-21 11:42:59,Running,,11.66,1:00:44,5:13,11.52,1005.0,13,,,2017-12-21-1142.gpx
2017-12-20 08:58:38,Running,,3.05,16:52,5:32,10.84,262.0,0,,,2017-12-20-0858.gpx
2017-12-20 07:40:48,Running,,3.00,16:16,5:25,11.08,259.0,2,,,2017-12-20-0740.gpx
2017-12-19 14:59:26,Running,,7.01,37:04,5:17,11.34,601.0,6,,,2017-12-19-1459.gpx
2017-12-18 07:56:22,Running,,3.51,20:11,5:45,10.42,305.0,3,,,2017-12-18-0756.gpx
2017-12-17 10:03:34,Running,,5.87,28:27,4:51,12.39,505.0,2,,,2017-12-17-1003.gpx
2017-12-16 12:05:53,Running,,8.07,41:45,5:10,11.60,700.0,9,,,2017-12-16-1205.gpx
2017-12-15 08:03:52,Running,,3.07,16:49,5:29,10.95,262.0,0,,,2017-12-15-0803.gpx
2017-12-15 07:03:07,Running,,3.27,17:01,5:13,11.51,282.0,2,,,2017-12-15-0703.gpx
2017-12-14 13:50:14,Running,,9.61,48:52,5:05,11.80,831.0,6,,,2017-12-14-1350.gpx
2017-12-13 08:33:50,Running,,3.04,16:47,5:31,10.88,261.0,0,,,2017-12-13-0833.gpx
2017-12-13 07:30:58,Running,,3.02,15:44,5:12,11.53,261.0,2,,,2017-12-13-0730.gpx
2017-12-12 08:04:02,Running,,2.39,11:52,4:58,12.08,206.0,0,,,2017-12-12-0804.gpx
2017-12-11 06:27:41,Running,,3.33,19:24,5:50,10.30,286.0,0,,,2017-12-11-0627.gpx
2017-12-11 05:10:15,Running,,3.23,16:52,5:13,11.50,279.0,2,,,2017-12-11-0510.gpx
2017-12-10 08:56:49,Running,,2.01,9:42,4:49,12.45,170.0,0,,"",2017-12-10-0856.gpx
2017-12-09 10:26:43,Running,,7.63,43:46,5:44,10.47,664.0,4,,,2017-12-09-1026.gpx
2017-12-08 06:12:19,Running,,3.00,17:38,5:53,10.21,258.0,0,,,2017-12-08-0612.gpx
2017-12-08 05:05:36,Running,,3.26,18:06,5:34,10.79,281.0,2,,,2017-12-08-0505.gpx
2017-12-07 16:20:37,Running,,8.11,41:05,5:04,11.85,700.0,4,,,2017-12-07-1620.gpx
2017-12-06 07:34:03,Running,,2.88,16:37,5:46,10.41,248.0,0,,,2017-12-06-0734.gpx
2017-12-06 06:31:28,Running,,3.28,17:39,5:22,11.17,283.0,2,,,2017-12-06-0631.gpx
2017-12-05 07:53:14,Running,,3.37,16:55,5:01,11.97,291.0,1,,,2017-12-05-0753.gpx
2017-12-04 06:20:23,Running,,3.34,18:20,5:30,10.91,286.0,0,,,2017-12-04-0620.gpx
2017-12-04 05:10:28,Running,,3.20,16:59,5:18,11.31,277.0,2,,,2017-12-04-0510.gpx
2017-12-03 08:38:09,Running,,10.14,50:38,5:00,12.02,874.0,0,,,2017-12-03-0838.gpx
2017-12-02 12:22:08,Running,,5.02,20:08,4:01,14.95,424.0,1,,,2017-12-02-1222.gpx
2017-12-01 12:50:41,Running,,6.00,29:09,4:51,12.35,520.0,5,,,2017-12-01-1250.gpx
2017-11-30 05:58:02,Running,,3.26,17:21,5:19,11.27,281.0,0,,,2017-11-30-0558.gpx
2017-11-30 05:11:58,Running,,3.43,21:34,6:18,9.53,296.0,3,,,2017-11-30-0511.gpx
2017-11-29 08:55:27,Running,,2.41,12:03,5:00,12.00,208.0,1,,,2017-11-29-0855.gpx
2017-11-28 07:20:32,Running,,5.66,27:35,4:53,12.30,487.0,0,,,2017-11-28-0720.gpx
2017-11-27 06:01:00,Running,,3.23,16:52,5:13,11.49,278.0,0,,,2017-11-27-0601.gpx
2017-11-27 05:31:06,Running,,3.10,16:05,5:11,11.56,268.0,2,,,2017-11-27-0531.gpx
2017-11-26 08:54:32,Running,,5.02,24:16,4:50,12.41,432.0,0,,,2017-11-26-0854.gpx
2017-11-25 10:35:27,Running,,6.49,30:43,4:44,12.68,553.0,3,,,2017-11-25-1035.gpx
2017-11-24 09:21:31,Running,,4.10,23:27,5:43,10.49,354.0,2,,,2017-11-24-0921.gpx
2017-11-23 09:41:08,Running,,6.82,33:42,4:57,12.14,587.0,4,,,2017-11-23-0941.gpx
2017-11-22 08:20:49,Running,,6.17,30:57,5:01,11.95,532.0,2,,,2017-11-22-0820.gpx
2017-11-21 07:06:17,Running,,8.69,49:04,5:39,10.62,754.0,3,,,2017-11-21-0706.gpx
2017-11-20 07:36:41,Running,,7.01,37:54,5:24,11.10,598.0,3,,,2017-11-20-0736.gpx
2017-11-19 09:43:26,Running,,5.84,29:20,5:01,11.95,505.0,1,,,2017-11-19-0943.gpx
2017-11-18 09:42:23,Running,,1.68,9:48,5:50,10.27,144.0,0,,,2017-11-18-0942.gpx
2017-11-18 08:39:37,Running,,10.12,43:06,4:16,14.09,863.0,4,,,2017-11-18-0839.gpx
2017-11-18 08:04:44,Running,,2.72,15:48,5:49,10.31,232.0,2,,,2017-11-18-0804.gpx
2017-11-17 08:44:33,Running,,4.18,22:03,5:17,11.37,359.0,0,,,2017-11-17-0844.gpx
2017-11-16 06:49:51,Running,,3.85,20:12,5:15,11.44,333.0,1,,,2017-11-16-0649.gpx
2017-11-15 05:54:03,Running,,4.30,22:53,5:19,11.29,373.0,4,,,2017-11-15-0554.gpx
2017-11-14 07:55:41,Running,,7.10,32:38,4:36,13.05,609.0,3,,,2017-11-14-0755.gpx
2017-11-13 07:20:02,Running,,7.86,40:27,5:09,11.66,679.0,8,,,2017-11-13-0720.gpx
2017-11-12 08:04:46,Running,,2.01,11:17,5:37,10.69,173.0,0,,,2017-11-12-0804.gpx
2017-11-11 07:52:26,Running,,42.22,3:40:45,5:14,11.48,3654.0,48,,,2017-11-11-0752.gpx
2017-11-10 09:22:55,Running,,3.69,18:57,5:08,11.69,320.0,3,,,2017-11-10-0922.gpx
2017-11-09 07:37:19,Running,,3.69,18:47,5:06,11.77,319.0,2,,,2017-11-09-0737.gpx
2017-11-08 08:24:25,Running,,3.60,18:12,5:03,11.86,313.0,4,,,2017-11-08-0824.gpx
2017-11-07 05:20:04,Running,,8.75,45:14,5:10,11.60,755.0,3,,,2017-11-07-0520.gpx
2017-11-06 05:42:06,Running,,5.87,29:39,5:03,11.87,502.0,3,,,2017-11-06-0542.gpx
2017-11-05 07:14:04,Running,,6.42,31:07,4:51,12.39,551.0,1,,,2017-11-05-0714.gpx
2017-11-04 08:49:24,Running,,7.47,38:07,5:06,11.76,646.0,4,,,2017-11-04-0849.gpx
2017-11-03 06:12:41,Running,,8.50,44:28,5:14,11.46,729.0,3,,"",2017-11-03-0612.gpx
2017-11-02 07:21:17,Running,,2.65,13:56,5:16,11.40,229.0,0,,,2017-11-02-0721.gpx
2017-11-01 08:18:00,Running,,7.57,39:03,5:09,11.64,651.0,4,,,2017-11-01-0818.gpx
2017-10-31 06:22:05,Running,,9.02,44:42,4:57,12.11,779.0,9,,,2017-10-31-0622.gpx
2017-10-30 07:47:44,Running,,9.18,47:53,5:13,11.51,796.0,8,,,2017-10-30-0747.gpx
2017-10-29 07:02:42,Running,,31.42,2:44:06,5:13,11.49,2718.0,35,,,2017-10-29-0702.gpx
2017-10-28 10:10:22,Running,,8.66,45:07,5:13,11.52,736.0,5,,,2017-10-28-1010.gpx
2017-10-27 12:46:15,Running,,12.61,1:02:04,4:55,12.19,1083.0,6,,,2017-10-27-1246.gpx
2017-10-26 07:11:10,Running,,3.23,17:16,5:20,11.24,280.0,1,,,2017-10-26-0711.gpx
2017-10-25 05:52:02,Running,,8.57,46:17,5:24,11.11,741.0,4,,,2017-10-25-0552.gpx
2017-10-24 07:23:07,Running,,12.02,1:00:21,5:01,11.95,1040.0,13,,,2017-10-24-0723.gpx
2017-10-23 08:14:44,Running,,6.35,32:37,5:08,11.69,547.0,1,,,2017-10-23-0814.gpx
2017-10-22 09:42:29,Running,,25.24,2:08:47,5:06,11.76,2195.0,45,,,2017-10-22-0942.gpx
2017-10-21 09:22:13,Running,,14.33,1:13:58,5:10,11.62,1243.0,17,,,2017-10-21-0922.gpx
2017-10-20 13:19:26,Running,,10.22,51:07,5:00,12.00,877.0,4,,,2017-10-20-1319.gpx
2017-10-19 07:37:12,Running,,9.45,48:25,5:07,11.71,816.0,3,,,2017-10-19-0737.gpx
2017-10-18 08:11:12,Running,,8.38,43:49,5:14,11.47,724.0,11,,,2017-10-18-0811.gpx
2017-10-17 07:39:12,Running,,11.25,55:17,4:55,12.21,973.0,10,,,2017-10-17-0739.gpx
2017-10-16 08:09:58,Running,,3.41,17:11,5:03,11.89,295.0,2,,,2017-10-16-0809.gpx
2017-10-15 09:18:55,Running,,4.51,27:30,6:05,9.85,431.0,137,,,2017-10-15-0918.gpx
2017-10-14 07:12:23,Running,,13.39,1:20:03,5:59,10.04,1258.0,295,,,2017-10-14-0712.gpx
2017-10-13 06:42:15,Running,,12.11,59:41,4:56,12.18,1045.0,13,,,2017-10-13-0642.gpx
2017-10-12 06:25:54,Running,,5.97,30:52,5:10,11.61,514.0,1,,,2017-10-12-0625.gpx
2017-10-11 07:00:49,Running,,8.33,44:21,5:20,11.26,719.0,4,,,2017-10-11-0700.gpx
2017-10-10 07:20:04,Running,,9.60,50:42,5:17,11.36,829.0,4,,,2017-10-10-0720.gpx
2017-10-09 06:15:03,Running,,12.15,1:03:15,5:12,11.53,1053.0,12,,,2017-10-09-0615.gpx
2017-10-08 09:28:56,Running,,7.83,40:29,5:10,11.61,673.0,3,,"",2017-10-08-0928.gpx
2017-10-07 08:35:13,Running,,18.18,1:35:38,5:16,11.41,1583.0,37,,,2017-10-07-0835.gpx
2017-10-06 07:07:04,Running,,9.99,53:19,5:20,11.25,863.0,4,,,2017-10-06-0707.gpx
2017-10-05 06:48:51,Running,,3.94,19:43,5:00,11.99,341.0,3,,"",2017-10-05-0648.gpx
2017-10-04 06:14:35,Running,,8.69,45:53,5:17,11.36,751.0,3,,,2017-10-04-0614.gpx
2017-10-03 07:43:22,Running,,8.95,46:51,5:14,11.46,771.0,3,,,2017-10-03-0743.gpx
2017-10-02 08:16:15,Running,,8.82,43:13,4:54,12.25,761.0,7,,,2017-10-02-0816.gpx
2017-10-01 09:06:30,Running,,10.63,56:10,5:17,11.35,911.0,4,,"",2017-10-01-0906.gpx
2017-09-30 09:15:46,Running,,2.82,16:06,5:42,10.52,244.0,1,,,2017-09-30-0915.gpx
2017-09-29 12:44:33,Running,,13.10,1:12:41,5:33,10.81,1135.0,13,,,2017-09-29-1244.gpx
2017-09-28 06:15:19,Running,,7.81,42:19,5:25,11.08,675.0,4,,,2017-09-28-0615.gpx
2017-09-27 07:42:54,Running,,5.26,24:56,4:45,12.65,446.0,1,,,2017-09-27-0742.gpx
2017-09-26 07:32:09,Running,,10.48,58:04,5:32,10.83,910.0,9,,,2017-09-26-0732.gpx
2017-09-25 12:31:51,Running,,8.30,40:38,4:54,12.26,718.0,2,,,2017-09-25-1231.gpx
2017-09-24 14:34:47,Running,,5.02,21:36,4:18,13.95,429.0,4,,,2017-09-24-1434.gpx
2017-09-23 08:54:16,Running,,3.15,17:24,5:31,10.87,274.0,4,,,2017-09-23-0854.gpx
2017-09-22 12:15:07,Running,,9.07,44:49,4:56,12.15,784.0,2,,,2017-09-22-1215.gpx
2017-09-21 12:27:17,Running,,16.57,1:15:59,4:35,13.09,1434.0,19,,,2017-09-21-1227.gpx
2017-09-20 07:22:22,Running,,7.85,37:47,4:49,12.47,678.0,4,,,2017-09-20-0722.gpx
2017-09-19 04:55:12,Running,,4.20,20:47,4:57,12.11,364.0,4,,,2017-09-19-0455.gpx
2017-09-18 07:47:53,Running,,8.77,42:21,4:50,12.43,760.0,10,,,2017-09-18-0747.gpx
2017-09-17 14:34:26,Running,,5.46,23:58,4:23,13.67,466.0,1,,"",2017-09-17-1434.gpx
2017-09-16 10:09:39,Running,,13.60,1:05:48,4:50,12.40,1183.0,24,,,2017-09-16-1009.gpx
2017-09-15 09:11:43,Running,,5.78,27:09,4:42,12.77,497.0,1,,,2017-09-15-0911.gpx
2017-09-14 08:10:18,Running,,6.01,29:22,4:53,12.27,519.0,5,,,2017-09-14-0810.gpx
2017-09-13 06:38:18,Running,,5.21,24:40,4:44,12.68,453.0,4,,,2017-09-13-0638.gpx
2017-09-12 07:10:27,Running,,7.55,34:30,4:34,13.13,647.0,4,,,2017-09-12-0710.gpx
2017-09-11 08:23:50,Running,,5.54,29:06,5:15,11.43,480.0,5,,,2017-09-11-0823.gpx
2017-09-10 10:22:13,Running,,7.45,36:56,4:58,12.10,643.0,4,,,2017-09-10-1022.gpx
2017-09-09 08:53:42,Running,,5.44,24:47,4:33,13.17,466.0,1,,,2017-09-09-0853.gpx
2017-09-08 13:19:58,Running,,6.74,35:28,5:16,11.41,584.0,7,,,2017-09-08-1319.gpx
2017-09-08 13:07:45,Running,,2.28,11:19,4:58,12.09,197.0,1,,,2017-09-08-1307.gpx
2017-09-07 07:26:14,Running,,4.52,23:14,5:08,11.67,392.0,5,,"",2017-09-07-0726.gpx
2017-09-06 07:06:52,Running,,7.65,38:36,5:03,11.90,661.0,4,,,2017-09-06-0706.gpx
2017-09-05 06:41:33,Running,,9.22,48:04,5:13,11.51,800.0,12,,,2017-09-05-0641.gpx
2017-09-04 06:50:18,Running,,5.18,26:22,5:05,11.80,447.0,1,,,2017-09-04-0650.gpx
2017-09-03 19:35:34,Running,,3.14,13:32,4:19,13.90,269.0,1,,,2017-09-03-1935.gpx
2017-09-02 19:00:25,Running,,3.07,17:01,5:32,10.84,266.0,2,,,2017-09-02-1900.gpx
2017-09-01 08:55:31,Running,,5.11,26:48,5:15,11.44,444.0,6,,,2017-09-01-0855.gpx
2017-08-31 07:27:49,Running,,10.18,50:32,4:58,12.09,882.0,12,,"",2017-08-31-0727.gpx
2017-08-30 08:21:54,Running,,4.30,22:40,5:16,11.39,367.0,4,,,2017-08-30-0821.gpx
2017-08-29 07:33:14,Running,,11.08,1:02:13,5:37,10.69,970.0,66,,,2017-08-29-0733.gpx
2017-08-28 07:07:15,Running,,15.53,1:17:00,4:58,12.10,1343.0,44,,,2017-08-28-0707.gpx
2017-08-27 04:16:12,Running,,2.14,11:26,5:21,11.21,186.0,3,,,2017-08-27-0416.gpx
2017-08-26 09:10:03,Running,,5.12,23:54,4:40,12.85,430.0,6,,,2017-08-26-0910.gpx
2017-08-25 07:26:31,Running,,9.99,49:14,4:56,12.17,868.0,13,,,2017-08-25-0726.gpx
2017-08-24 08:36:03,Running,,5.10,26:25,5:11,11.57,442.0,6,,,2017-08-24-0836.gpx
2017-08-23 07:39:27,Running,,11.91,59:25,4:59,12.02,1032.0,9,,,2017-08-23-0739.gpx
2017-08-22 07:16:06,Running,,9.61,47:42,4:58,12.08,825.0,6,,,2017-08-22-0716.gpx
2017-08-21 07:44:44,Running,,5.11,27:39,5:25,11.08,442.0,6,,,2017-08-21-0744.gpx
2017-08-20 07:13:18,Running,,9.50,59:33,6:16,9.58,855.0,115,,,2017-08-20-0713.gpx
2017-08-19 06:20:12,Running,,12.29,1:13:37,5:59,10.02,1111.0,184,,,2017-08-19-0620.gpx
2017-08-18 07:25:20,Running,,2.08,10:05,4:51,12.38,180.0,2,,,2017-08-18-0725.gpx
2017-08-17 12:51:16,Running,,11.78,1:03:44,5:25,11.09,1009.0,7,,,2017-08-17-1251.gpx
2017-08-16 08:31:34,Running,,4.22,22:27,5:19,11.28,365.0,4,,,2017-08-16-0831.gpx
2017-08-15 07:52:02,Running,,5.15,26:36,5:10,11.62,447.0,6,,,2017-08-15-0752.gpx
2017-08-14 08:17:20,Running,,9.63,47:13,4:54,12.23,834.0,6,,,2017-08-14-0817.gpx
2017-08-13 08:48:47,Running,,9.96,48:52,4:54,12.23,866.0,13,,"",2017-08-13-0848.gpx
2017-08-12 08:15:09,Running,,18.08,1:26:30,4:47,12.54,1565.0,20,,,2017-08-12-0815.gpx
2017-08-11 09:07:39,Running,,10.28,48:18,4:42,12.77,890.0,12,,,2017-08-11-0907.gpx
2017-08-10 07:44:25,Running,,12.30,59:37,4:51,12.38,1065.0,8,,,2017-08-10-0744.gpx
2017-08-09 07:50:50,Running,,12.01,1:00:05,5:00,12.00,1040.0,9,,,2017-08-09-0750.gpx
2017-08-08 07:13:05,Running,,10.09,50:48,5:02,11.92,876.0,13,,,2017-08-08-0713.gpx
2017-08-07 06:33:38,Running,,12.02,57:12,4:45,12.61,1039.0,9,,,2017-08-07-0633.gpx
2017-08-06 08:49:28,Running,,6.23,30:23,4:53,12.29,541.0,8,,,2017-08-06-0849.gpx
2017-08-05 07:37:31,Running,,15.37,1:17:56,5:04,11.83,1330.0,7,,,2017-08-05-0737.gpx
2017-08-04 08:35:35,Running,,5.00,26:28,5:18,11.33,433.0,6,,,2017-08-04-0835.gpx
2017-08-03 06:28:04,Running,,8.22,38:23,4:40,12.85,709.0,11,,,2017-08-03-0628.gpx
2017-08-02 07:09:51,Running,,5.67,30:42,5:25,11.08,490.0,4,,,2017-08-02-0709.gpx
2017-08-01 06:47:56,Running,,5.12,27:11,5:19,11.30,443.0,6,,,2017-08-01-0647.gpx
2017-07-31 05:55:46,Running,,2.14,12:15,5:43,10.50,186.0,3,,,2017-07-31-0555.gpx
2017-07-30 17:28:01,Running,,3.68,20:14,5:29,10.93,319.0,3,,,2017-07-30-1728.gpx
2017-07-30 07:53:22,Running,,20.01,1:52:00,5:36,10.72,1728.0,40,,"",2017-07-30-0753.gpx
2017-07-29 07:42:20,Running,,25.84,2:16:47,5:18,11.34,2243.0,37,,,2017-07-29-0742.gpx
2017-07-28 06:17:07,Running,,22.11,1:53:26,5:08,11.69,1916.0,22,,,2017-07-28-0617.gpx
2017-07-27 07:29:03,Running,,7.45,38:37,5:11,11.58,645.0,7,,,2017-07-27-0729.gpx
2017-07-26 07:00:01,Running,,10.04,45:49,4:34,13.15,867.0,13,,,2017-07-26-0700.gpx
2017-07-25 06:37:31,Running,,5.03,25:45,5:07,11.72,436.0,6,,,2017-07-25-0637.gpx
2017-07-24 07:20:02,Running,,6.72,34:03,5:04,11.83,583.0,8,,,2017-07-24-0720.gpx
2017-07-23 08:19:04,Running,,10.88,56:22,5:11,11.58,943.0,17,,,2017-07-23-0819.gpx
2017-07-22 06:15:34,Running,,6.92,33:32,4:51,12.39,608.0,21,,,2017-07-22-0615.gpx
2017-07-21 07:08:15,Running,,10.09,49:29,4:54,12.23,873.0,13,,,2017-07-21-0708.gpx
2017-07-20 06:23:56,Running,,12.01,58:48,4:54,12.25,1040.0,9,,,2017-07-20-0623.gpx
2017-07-19 07:52:43,Running,,6.28,32:11,5:07,11.71,544.0,6,,,2017-07-19-0752.gpx
2017-07-18 09:35:29,Running,,10.05,50:20,5:00,11.98,873.0,13,,,2017-07-18-0935.gpx
2017-07-17 08:00:43,Running,,8.28,40:28,4:53,12.28,721.0,12,,,2017-07-17-0800.gpx
2017-07-16 13:17:20,Running,,5.08,24:15,4:47,12.57,441.0,5,,,2017-07-16-1317.gpx
2017-07-15 07:30:48,Running,,5.00,26:17,5:16,11.40,452.0,56,,,2017-07-15-0730.gpx
2017-07-14 08:42:27,Running,,5.94,32:36,5:29,10.94,529.0,62,,,2017-07-14-0842.gpx
2017-07-13 07:35:29,Running,,5.70,29:52,5:15,11.44,511.0,48,,,2017-07-13-0735.gpx
2017-07-12 07:12:11,Running,,1.87,10:40,5:42,10.52,162.0,5,,,2017-07-12-0712.gpx
2017-07-11 05:52:58,Running,,10.04,59:58,5:58,10.04,900.0,105,,,2017-07-11-0552.gpx
2017-07-10 05:24:54,Running,,6.10,32:26,5:19,11.28,552.0,66,,,2017-07-10-0524.gpx
2017-07-09 07:15:51,Running,,8.29,42:20,5:06,11.75,717.0,4,,"",2017-07-09-0715.gpx
2017-07-08 09:21:01,Running,,6.15,32:16,5:15,11.43,533.0,9,,,2017-07-08-0921.gpx
2017-07-07 06:21:35,Running,,10.10,49:10,4:52,12.32,876.0,13,,,2017-07-07-0621.gpx
2017-07-06 07:38:49,Running,,6.21,32:28,5:14,11.48,539.0,8,,"",2017-07-06-0738.gpx
2017-07-05 08:10:06,Running,,5.09,25:19,4:58,12.06,442.0,6,,"",2017-07-05-0810.gpx
2017-07-04 08:21:56,Running,,5.37,27:31,5:08,11.70,466.0,7,,,2017-07-04-0821.gpx
2017-07-03 09:22:53,Running,,5.13,25:05,4:54,12.26,444.0,6,,,2017-07-03-0922.gpx
2017-07-02 10:13:49,Running,,16.22,1:21:21,5:01,11.96,1403.0,13,,,2017-07-02-1013.gpx
2017-07-01 09:10:54,Running,,10.24,50:35,4:56,12.14,886.0,6,,,2017-07-01-0910.gpx
2017-06-30 12:04:54,Running,,18.48,1:37:42,5:17,11.35,1609.0,43,,,2017-06-30-1204.gpx
2017-06-29 07:33:06,Running,,12.02,1:01:34,5:07,11.71,1040.0,8,,,2017-06-29-0733.gpx
2017-06-28 07:46:48,Running,,10.11,49:18,4:52,12.31,877.0,13,,,2017-06-28-0746.gpx
2017-06-27 08:09:27,Running,,7.01,36:20,5:11,11.58,607.0,7,,,2017-06-27-0809.gpx
2017-06-26 06:51:48,Running,,5.03,22:31,4:29,13.40,434.0,5,,,2017-06-26-0651.gpx
2017-06-25 08:50:55,Running,,11.86,58:21,4:55,12.20,1026.0,8,,,2017-06-25-0850.gpx
2017-06-24 09:49:47,Running,,10.13,52:49,5:13,11.51,879.0,13,,,2017-06-24-0949.gpx
2017-06-23 08:05:56,Running,,16.34,1:24:18,5:09,11.63,1414.0,10,,,2017-06-23-0805.gpx
2017-06-22 06:49:59,Running,,9.99,51:31,5:10,11.63,867.0,13,,,2017-06-22-0649.gpx
2017-06-21 05:53:12,Running,,12.01,1:03:13,5:16,11.40,1036.0,8,,,2017-06-21-0553.gpx
2017-06-20 07:31:28,Running,,8.21,41:43,5:05,11.81,712.0,11,,,2017-06-20-0731.gpx
2017-06-19 07:15:27,Running,,5.09,25:00,4:55,12.21,442.0,6,,"",2017-06-19-0715.gpx
2017-06-18 07:40:44,Running,,11.38,57:51,5:05,11.80,981.0,19,,"",2017-06-18-0740.gpx
2017-06-17 08:03:59,Running,,14.25,1:14:58,5:16,11.41,1237.0,25,,,2017-06-17-0803.gpx
2017-06-16 08:04:53,Running,,12.02,59:36,4:57,12.10,1039.0,8,,,2017-06-16-0804.gpx
2017-06-15 07:42:53,Running,,5.06,23:10,4:35,13.11,434.0,6,,,2017-06-15-0742.gpx
2017-06-14 07:17:14,Running,,10.02,49:50,4:58,12.06,869.0,13,,,2017-06-14-0717.gpx
2017-06-13 06:30:44,Running,,4.12,18:43,4:32,13.21,357.0,4,,,2017-06-13-0630.gpx
2017-06-12 07:13:42,Running,,8.25,41:20,5:00,11.98,719.0,12,,,2017-06-12-0713.gpx
2017-06-11 08:04:19,Running,,5.04,26:19,5:13,11.49,437.0,6,,,2017-06-11-0804.gpx
2017-06-10 09:41:21,Running,,12.03,1:02:25,5:11,11.56,1040.0,8,,,2017-06-10-0941.gpx
2017-06-09 12:41:25,Running,,10.02,46:52,4:41,12.83,869.0,13,,,2017-06-09-1241.gpx
2017-06-08 07:30:12,Running,,5.14,26:29,5:09,11.66,446.0,6,,,2017-06-08-0730.gpx
2017-06-07 06:25:44,Running,,5.14,28:16,5:30,10.91,446.0,6,,,2017-06-07-0625.gpx
2017-06-06 06:36:31,Running,,5.06,26:16,5:11,11.56,439.0,6,,,2017-06-06-0636.gpx
2017-06-05 06:36:41,Running,,8.18,42:15,5:10,11.62,710.0,12,,,2017-06-05-0636.gpx
2017-06-04 08:51:15,Running,,5.07,25:24,5:00,11.98,441.0,6,,,2017-06-04-0851.gpx
2017-06-03 09:39:21,Running,,12.01,56:31,4:42,12.75,1038.0,8,,,2017-06-03-0939.gpx
2017-06-02 09:34:59,Running,,5.02,22:33,4:30,13.35,432.0,6,,,2017-06-02-0934.gpx
2017-06-01 08:39:20,Running,,4.15,21:05,5:05,11.82,360.0,4,,,2017-06-01-0839.gpx
2017-05-31 17:47:00,Cycling,,3.29,11:05,3:22,17.79,101.0,0,,"",2017-05-31-1747.gpx
2017-05-31 08:53:30,Cycling,,3.46,11:44,3:23,17.71,120.0,4,,,2017-05-31-0853.gpx
2017-05-31 07:22:59,Running,,5.05,26:06,5:10,11.60,437.0,6,,,2017-05-31-0722.gpx
2017-05-30 18:15:09,Cycling,,3.02,10:50,3:35,16.72,101.0,1,,"Evening Ride",2017-05-30-1815.gpx
2017-05-30 08:43:57,Cycling,,3.62,11:35,3:12,18.73,128.0,5,,"Morning Ride",2017-05-30-0843.gpx
2017-05-30 06:50:32,Running,,5.11,27:00,5:17,11.36,443.0,6,,,2017-05-30-0650.gpx
2017-05-29 07:59:35,Running,,7.58,39:34,5:13,11.49,652.0,3,,,2017-05-29-0759.gpx
2017-05-28 09:07:15,Running,,5.01,23:38,4:43,12.71,433.0,6,,,2017-05-28-0907.gpx
2017-05-27 10:10:35,Running,,16.35,1:21:00,4:57,12.11,1416.0,11,,"",2017-05-27-1010.gpx
2017-05-26 16:49:52,Cycling,,3.17,10:24,3:17,18.28,105.0,1,,"Afternoon Ride",2017-05-26-1649.gpx
2017-05-26 10:15:10,Cycling,,3.55,11:37,3:16,18.35,122.0,5,,"Morning Ride",2017-05-26-1015.gpx
2017-05-26 08:35:52,Running,,4.16,20:32,4:56,12.15,360.0,4,,,2017-05-26-0835.gpx
2017-05-25 18:15:57,Cycling,,3.52,10:12,2:54,20.71,117.0,1,,,2017-05-25-1815.gpx
2017-05-25 09:29:02,Cycling,,3.65,12:19,3:22,17.80,127.0,5,,"Morning Ride",2017-05-25-0929.gpx
2017-05-25 06:56:00,Running,,12.05,59:52,4:58,12.08,1044.0,8,,,2017-05-25-0656.gpx
2017-05-24 17:56:53,Cycling,,3.31,9:01,2:43,22.06,111.0,2,,"Afternoon Ride",2017-05-24-1756.gpx
2017-05-24 08:48:18,Cycling,,3.51,11:38,3:19,18.10,124.0,5,,"Morning Ride",2017-05-24-0848.gpx
2017-05-24 07:17:48,Running,,5.09,25:11,4:57,12.13,442.0,6,,,2017-05-24-0717.gpx
2017-05-23 17:04:21,Cycling,,5.72,16:49,2:56,20.42,205.0,3,,"Afternoon Ride",2017-05-23-1704.gpx
2017-05-23 08:38:45,Cycling,,4.45,14:11,3:11,18.81,160.0,6,,"Morning Ride",2017-05-23-0838.gpx
2017-05-23 06:45:35,Running,,10.07,47:51,4:45,12.63,875.0,12,,,2017-05-23-0645.gpx
2017-05-22 16:46:15,Cycling,,3.72,11:58,3:13,18.66,127.0,0,,"Afternoon Ride",2017-05-22-1646.gpx
2017-05-22 08:37:33,Cycling,,3.63,11:49,3:16,18.41,123.0,5,,"Morning Ride",2017-05-22-0837.gpx
2017-05-22 07:04:40,Running,,5.05,22:36,4:28,13.42,436.0,6,,,2017-05-22-0704.gpx
2017-05-21 10:29:14,Running,,12.01,1:03:00,5:15,11.44,1039.0,8,,,2017-05-21-1029.gpx
2017-05-20 17:47:16,Running,,8.13,38:23,4:43,12.70,704.0,11,,,2017-05-20-1747.gpx
2017-05-19 06:13:54,Running,,3.04,14:31,4:47,12.55,262.0,3,,,2017-05-19-0613.gpx
2017-05-18 09:38:11,Cycling,,2.91,8:56,3:04,19.54,98.0,3,,"Morning Ride",2017-05-18-0938.gpx
2017-05-18 07:26:27,Running,,10.01,48:48,4:52,12.31,865.0,7,,,2017-05-18-0726.gpx
2017-05-17 18:15:41,Cycling,,3.42,9:44,2:51,21.08,116.0,2,,"Evening Ride",2017-05-17-1815.gpx
2017-05-17 08:48:46,Cycling,,3.47,11:13,3:14,18.54,120.0,5,,"Morning Ride",2017-05-17-0848.gpx
2017-05-17 07:28:13,Running,,5.60,28:34,5:06,11.77,486.0,5,,,2017-05-17-0728.gpx
2017-05-16 07:41:32,Cycling,,3.56,10:53,3:04,19.60,121.0,5,,"Morning Ride",2017-05-16-0741.gpx
2017-05-16 06:32:43,Running,,4.18,20:47,4:58,12.08,360.0,4,,,2017-05-16-0632.gpx
2017-05-15 21:06:24,Cycling,,2.61,7:50,3:00,19.98,89.0,3,,"Night Ride",2017-05-15-2106.gpx
2017-05-15 18:40:38,Cycling,,3.17,11:06,3:30,17.11,123.0,3,,"Evening Ride",2017-05-15-1840.gpx
2017-05-15 17:26:57,Cycling,,3.51,10:33,3:00,19.95,123.0,1,,"Afternoon Ride",2017-05-15-1726.gpx
2017-05-15 08:42:28,Cycling,,3.65,12:00,3:17,18.23,127.0,5,,"Morning Ride",2017-05-15-0842.gpx
2017-05-15 06:53:14,Running,,5.16,26:25,5:07,11.71,448.0,6,,,2017-05-15-0653.gpx
2017-05-14 14:10:55,Cycling,,22.17,52:18,2:22,25.43,824.0,47,,"Afternoon Ride",2017-05-14-1410.gpx
2017-05-14 10:05:27,Cycling,,21.92,53:00,2:25,24.81,787.0,48,,"First Ride to Sacramento",2017-05-14-1005.gpx
2017-05-14 07:45:13,Running,,8.13,40:06,4:56,12.16,706.0,11,,,2017-05-14-0745.gpx
2017-05-13 15:39:31,Cycling,,5.92,16:28,2:47,21.57,216.0,5,,"Afternoon Ride",2017-05-13-1539.gpx
2017-05-13 10:16:20,Running,,16.16,1:18:55,4:53,12.29,1400.0,12,,,2017-05-13-1016.gpx
2017-05-12 19:01:16,Cycling,,4.41,19:27,4:24,13.61,124.0,5,,"Evening Ride",2017-05-12-1901.gpx
2017-05-12 10:29:32,Cycling,,2.96,9:30,3:13,18.69,106.0,4,,"Morning Ride",2017-05-12-1029.gpx
2017-05-12 08:15:19,Running,,10.05,48:12,4:48,12.51,873.0,13,,,2017-05-12-0815.gpx
2017-05-11 09:08:33,Cycling,,3.68,11:51,3:13,18.61,130.0,5,,"Morning Ride",2017-05-11-0908.gpx
2017-05-11 07:20:39,Running,,5.17,24:13,4:41,12.80,447.0,6,,,2017-05-11-0720.gpx
2017-05-10 17:50:10,Cycling,,3.46,9:17,2:41,22.34,115.0,2,,"Afternoon Ride",2017-05-10-1750.gpx
2017-05-10 08:53:41,Cycling,,2.18,7:18,3:21,17.93,76.0,2,,"Morning Ride",2017-05-10-0853.gpx
2017-05-10 07:00:01,Running,,8.23,41:27,5:02,11.91,714.0,12,,,2017-05-10-0700.gpx
2017-05-09 17:47:49,Cycling,,3.31,9:58,3:01,19.92,112.0,2,,"Afternoon Ride",2017-05-09-1747.gpx
2017-05-09 07:38:12,Cycling,,3.54,10:15,2:54,20.72,127.0,4,,"Morning Ride",2017-05-09-0738.gpx
2017-05-09 06:31:12,Running,,4.12,21:11,5:09,11.66,357.0,4,,,2017-05-09-0631.gpx
2017-05-08 17:44:10,Cycling,,3.37,9:46,2:54,20.73,111.0,1,,"Afternoon Ride",2017-05-08-1744.gpx
2017-05-08 08:40:29,Cycling,,3.53,11:46,3:20,18.01,131.0,5,,"Morning Ride",2017-05-08-0840.gpx
2017-05-08 07:07:27,Running,,5.06,27:24,5:25,11.08,438.0,6,,,2017-05-08-0707.gpx
2017-05-07 11:43:51,Running,,12.01,58:37,4:53,12.30,1040.0,8,,,2017-05-07-1143.gpx
2017-05-06 14:01:41,Running,,5.10,25:43,5:02,11.91,442.0,4,,,2017-05-06-1401.gpx
2017-05-06 11:12:23,Cycling,,25.35,1:07:58,2:41,22.38,858.0,21,,"Lunch Ride",2017-05-06-1112.gpx
2017-05-06 09:01:12,Cycling,,25.56,1:07:21,2:38,22.77,932.0,47,,"Morning Ride",2017-05-06-0901.gpx
2017-05-05 17:06:13,Cycling,,3.38,10:27,3:05,19.43,112.0,1,,"Afternoon Ride",2017-05-05-1706.gpx
2017-05-05 09:04:30,Cycling,,3.51,11:13,3:12,18.78,122.0,4,,"Morning Ride",2017-05-05-0904.gpx
2017-05-05 06:41:12,Running,,6.16,31:47,5:10,11.62,535.0,7,,"",2017-05-05-0641.gpx
2017-05-04 19:36:56,Cycling,,3.12,8:26,2:42,22.22,103.0,2,,"Evening Ride",2017-05-04-1936.gpx
2017-05-04 09:03:13,Cycling,,3.22,10:48,3:21,17.87,115.0,4,,"Morning Ride",2017-05-04-0903.gpx
2017-05-04 06:49:43,Running,,10.08,52:27,5:12,11.54,876.0,13,,,2017-05-04-0649.gpx
2017-05-03 18:39:24,Cycling,,9.97,26:35,2:40,22.51,332.0,22,,"Evening Ride",2017-05-03-1839.gpx
2017-05-03 08:41:57,Cycling,,4.33,14:44,3:24,17.63,158.0,6,,"Morning Ride",2017-05-03-0841.gpx
2017-05-03 06:54:41,Running,,5.05,27:25,5:26,11.05,438.0,6,,,2017-05-03-0654.gpx
2017-05-02 16:39:42,Cycling,,3.25,9:18,2:52,20.98,113.0,1,,"Afternoon Ride",2017-05-02-1639.gpx
2017-05-02 07:30:47,Cycling,,3.11,10:07,3:15,18.46,104.0,5,,"Morning Ride",2017-05-02-0730.gpx
2017-05-02 06:17:45,Running,,4.20,21:08,5:02,11.91,365.0,4,,,2017-05-02-0617.gpx
2017-05-01 17:59:42,Cycling,,2.97,9:01,3:02,19.76,96.0,1,,"Afternoon Ride",2017-05-01-1759.gpx
2017-05-01 07:01:19,Running,,5.04,25:27,5:03,11.89,438.0,6,,,2017-05-01-0701.gpx
2017-04-30 12:08:33,Running,,16.60,1:36:25,5:49,10.33,1438.0,22,,,2017-04-30-1208.gpx
2017-04-29 13:01:21,Running,,10.16,51:09,5:02,11.92,881.0,10,,,2017-04-29-1301.gpx
2017-04-28 07:25:42,Running,,5.05,25:09,4:59,12.04,439.0,6,,,2017-04-28-0725.gpx
2017-04-27 07:41:58,Running,,11.90,58:49,4:56,12.14,1030.0,8,,,2017-04-27-0741.gpx
2017-04-26 06:55:09,Running,,10.09,50:09,4:58,12.07,877.0,13,,,2017-04-26-0655.gpx
2017-04-25 09:53:48,Running,,4.54,22:56,5:03,11.87,393.0,4,,,2017-04-25-0953.gpx
2017-04-24 06:32:39,Running,,7.01,35:28,5:04,11.86,609.0,11,,,2017-04-24-0632.gpx
2017-04-23 13:40:16,Running,,6.01,30:09,5:01,11.96,519.0,4,,,2017-04-23-1340.gpx
2017-04-22 07:16:03,Running,,4.17,21:29,5:09,11.65,362.0,4,,,2017-04-22-0716.gpx
2017-04-21 06:47:51,Running,,5.06,25:56,5:07,11.71,438.0,6,,,2017-04-21-0647.gpx
2017-04-20 06:55:11,Running,,8.28,42:08,5:05,11.79,716.0,11,,,2017-04-20-0655.gpx
2017-04-19 07:40:49,Running,,5.12,26:14,5:07,11.71,444.0,6,,,2017-04-19-0740.gpx
2017-04-18 07:01:26,Running,,6.25,30:54,4:57,12.14,541.0,5,,,2017-04-18-0701.gpx
2017-04-17 07:16:25,Running,,5.07,25:33,5:03,11.90,441.0,6,,,2017-04-17-0716.gpx
2017-04-16 09:37:25,Running,,12.01,58:14,4:51,12.37,1040.0,8,,"",2017-04-16-0937.gpx
2017-04-15 09:45:22,Running,,18.02,1:30:13,5:00,11.98,1574.0,42,,,2017-04-15-0945.gpx
2017-04-14 07:06:05,Running,,11.30,55:26,4:54,12.23,986.0,14,,,2017-04-14-0706.gpx
2017-04-13 06:40:11,Running,,5.02,24:51,4:57,12.13,431.0,6,,,2017-04-13-0640.gpx
2017-04-12 06:44:17,Running,,12.01,59:42,4:58,12.07,1041.0,8,,,2017-04-12-0644.gpx
2017-04-11 07:03:17,Running,,5.05,24:38,4:53,12.30,440.0,6,,,2017-04-11-0703.gpx
2017-04-10 06:16:10,Running,,8.07,40:39,5:02,11.92,700.0,11,,,2017-04-10-0616.gpx
2017-04-09 15:09:58,Running,,5.05,25:46,5:06,11.76,438.0,5,,,2017-04-09-1509.gpx
2017-04-08 10:58:22,Running,,10.06,48:27,4:49,12.46,872.0,13,,,2017-04-08-1058.gpx
